QTD,Posto/Grad.,Nome,Identidade,CPF,SARAM,Nascimento,Praça,Últ. Promoção,Apresentação no DTCEA
1,CAP QOE CTA,Jorge  Henrique De Oliveira De Godoy,536-315,020.971.241-43,437.872-5,07/08/1989,26/02/2007,25/12/2024,26/01/2024
2,1º Ten QOEA COM ,Antônio Gláudio Nogueira De Sousa ,458590,436.909.043-15,256039-9,02/12/1971,19/02/1991,25/12/2023,12/12/2023
3,1° Ten Esp Aer CTA,Luciano Ferreira Alves,499.424,083.129.427-26,332.648-9,01/05/1977,01/02/1999,07/12/2022,25/12/2024
4,SO SAI,Paulo César Leite,437133,080.950.888-54,226.472-2,09/05/1968,01/08/1987,01/08/2008,09/01/2014
5,SO BCT,Wellington Ferreira Nunes,406.716,138.369.778-77,234.742-3,10/12/1966,01/02/1989,01/12/2011,19/01/2011
6,SO BCO,Fernando Barbosa Pereira,486.175,018.098.127-71,308.820-0,03/03/1971,15/07/1996,01/12/2018,17/01/2011
7,SO BET,Alex Mesquita Da Rocha,486.204,025.659.037-07,308788-3,05/01/1974,15/07/1996,01/12/2018,12/12/2011
8,SO BET,Fábio De Sene Beckmann,491.418,248.176.378-54,329.816-7,23/10/1974,17/08/1998,01/12/2019,16/02/2004
9,SO BMT,Ronaldo Teles Fonteneles,504.150,073.868.707-36,305.443-8,27/04/1976,04/03/1996,01/08/2022,18/02/2022
10,SO BET,Michely Adriana Gonçalves De Melo Pereira,511.271,309.957.338-80,397.092-2,06/11/1983,22/07/2002,01/12/2023,06/01/2025
11,SO BMT,Michelli Bezerra Ribeiro,515.643,102.929.827-04,393.048-3,21/05/1983,08/07/2002,01/12/2024,29/01/2025
12,SO BCT,Ingrid Lago Dos Santos,515.709,089.791.317-55,393.029-7,12/01/1981,27/11/2003,01/12/2024,03/02/2016
13,SO BCO,Renato Domingues Silva,515.740,091.303.727-39,393.068-8,29/01/1982,08/07/2002,01/12/2024,18/01/2024
14,SO SAI,Luciany Da Silva Ramos De Mendonça,494.578,307.654.498-54,404.007-4,01/11/1980,07/07/2003,01/12/2025,16/01/2025
15,1S SAI,Michele De Azevedo Sá Freire,522.470,056.844.157-50,409655-0,13/07/1981,19/01/2004,01/08/2019,05/03/2026
16,1S BMT,Luis Eduardo Gomes De Almeida,522.420,088.743.027-97,409.609-6,25/11/1981,19/01/2004,01/08/2019,30/01/2023
17,1S BCT,Taís Ribeiro Dos Santos,528.756,117.078.557-30,420.197-3,28/11/1985,23/01/2005,01/12/2020,24/03/2020
18,1S BCT,Ingrid Martins Vicente,532.166,325.893.278-62,424.013-8,01/11/1984,04/07/2005,01/08/2022,11/01/2022
18,1S BCT,Munique Caroline Balthar De Souza,533.523,351.564.388-57,423.802-8,16/03/1985,04/07/2005,01/08/2022,28/03/2016
19,1S SAI,Marcos Paulo Garcia Alves,533.279,108.693.577-27,423.766-8,22/07/1986,04/07/2005,01/08/2022,17/09/2008
20,1S BCT,Erica Freire Proença,536.295,317.909.538-55,427.932-8,27/10/1983,23/01/2006,01/12/2022,26/01/2024
21,1S BCT,Rafael Cipriano Da Silva,536.251,334-896-828-31,427.982-4,12/11/1984,22/01/2006,01/12/2022,29/04/2024
22,1S BCT,Beatriz Laia Barreto Cândido De Paula,535.475,133.745.317-09,437.945-4,29/06/1988,25/02/2007,01/12/2022,29/05/2017
23,1S BCT,Jonathan Fernandes Gonçalves,535.606,339.192.568-08,437.953-5,02/02/1986,26/02/2007,01/12/2022,09/05/2024
24,1S BET,Bianca Beatriz Vargas Duarte De Oliveira,542.022,118.014.367-11,436.014-1,26/10/1987,21/01/2007,01/12/2023,28/12/2020
25,1S BCT,Thais Vitor Herzog Reis,541.472,39678673827,601.082-2,16/07/1989,18/02/2008,01/12/2023,12/01/2026
26,1S BCT,Diane Ribeiro Camargo,544.762,089.288.536-05,442.255-4,18/10/1987,09/07/2007,01/08/2024,22/01/2024
27,1S BCT,Ana Carolina Thomaz Duarte Gonçalves,545.715,369.180.958-65,442.399-2,08/12/1987,09/07/2007,01/08/2024,11/01/2022
28,1S BET,Guilherme Ramos Da Silva,544.752,106.654.627-43,442.280-5,09/12/1983,09/07/2007,01/08/2024,13/01/2016
29,1S BCT,José Carlos Sousa Santos Junior,546.941,021.929.945-59,600.784-8,15/03/1986,20/01/2008,01/12/2024,11/02/2025
30,1S BCT,Kelly Cristina Batalha Ramos,546.904,110.210.937-18,600.853-4,29/07/1985,21/08/2008,01/12/2024,15/01/2016
31,1S BCT,Rafael Esteves Vita Santos,547.063,113.285.967-02,608.809-0,18/05/1988,19/02/2009,01/12/2024,01/08/2025
32,1S BCT,Bruno Henrique Da Silva,350.866.624,231.572.238-10,608.853-8,15/04/1987,19/02/2009,01/12/2024,07/03/2025
33,1S BCT,Renato De Oliveira Franconere,551.005,381.773.918-44,603.433-0,29/09/1988,07/07/2008,01/08/2025,03/01/2022
34,1S BET,Bruno Jesus Da Silva Santos,551.194,336.952.068-02,615.530-8,08/02/1989,14/01/2010,01/08/2025,13/01/2016
35,1S SAI,Ricardo Alcino Santana,534.117,325.623.198-50,407.332-0,12/08/1984,01/08/2003,01/12/2025,21/11/2022
36,1S SEM,Welton Nogueira  De Oliveira,554.241,381.760.118-27,610113-5,26/03/1989,29/01/2009,01/12/2025,13/01/2025
37,1S BCT,Caroline Russell Vasconcelos,553.629,119.100.277-23,615.857-9,07/05/1988,28/01/2010,02/12/2025,03/02/2026
38,1S BCT,Letícia Claudino Martini,553.732,381.032.478-71,615.909-5,27/07/1990,28/01/2010,01/12/2025,01/10/2024
39,1S BCT,Gabriela Winnie Silva Dos Santos,553720,139.430.327-01,615.886-2,03/04/1991,28/01/2010,01/12/2025,02/01/2024
41,1S SEL,Lucimara Fernandes De Almeida,556.915,368.806.738-05,625.576-0,23/01/1988,13/01/2011,01/08/2018,30/01/2017
40,2S BCT,Marcela Souza De Paula,559.307,340.211.858-01,630.147-9,08/02/1991,27/01/2011,01/12/2018,20/01/2026
41,2S BMT,Milaine Marques Gomes,563.186,097.416.476-38,623.879-3,05/12/1990,08/07/2010,01/08/2019,24/01/2022
42,2S BCT,Carolina De Alencar Ferro,565.863,039.489.243-76,632.439-8,03/03/1991,27/01/2011,01/12/2019,23/02/2026
43,2S SEM,Alex Conde Nogueira Ramos,564.554,365.331.798-37,624.034-8,26/04/1990,27/01/2011,01/12/2019,21/06/2024
44,2S BCT,Jessica Dos Anjos Sacramento Ferreira,566.747,14535774757,632.980-2,21/03/1992,07/07/2011,01/08/2020,27/01/2025
45,2S SAI,Kessya Rodrigues Do Nascimento Sodré,575.054,142.763.027-57,649.354-8,02/12/1994,24/01/2013,28/11/2014,09/12/2014
46,2S BCT,Marcelle Alcantara Diléo ,575.368,159.505.297-66,657.653-2,05/08/1994,14/01/2014,01/12/2021,27/01/2025
47,2S BSP,Mayse Correia Ferreira Alexandria,580.262,343.477.388-62,655.695-7,11/07/1994,11/07/2013,01/08/2022,15/05/2019
48,2S SEL,Marrani De Souza Mendes,580.989,145.848.367-36,666.810-0,14/07/1994,15/01/2015,01/08/2022,09/03/2026
49,2S SAI,Bruna Pessoa Ribeiro,582.970,149.537.917-54,657.804-7,31/05/1994,16/01/2014,01/12/2022,11/11/2025
50,2S BCT,Alisson Medeiros Gouvea ,588.273,155.844.517-03,666.875-5,23/05/1994,15/01/2015,01/12/2023,10/01/2025
51,2S BCT,Pedro Leiva De Farias,590.034,416.719.698-04,652.397-8,10/07/1992,01/03/2013,01/08/2024,26/01/2024
52,2S BCT,Ana Carolina Pompeo Costa,590.038,439.105.178-89,671.601-6,16/09/1996,02/07/2015,01/08/2024,11/03/2026
53,2S SAI,Marcio Da Cunha Oliveira,573.794,368.656.968-73,634.968-4,18/06/1992,01/08/2011,01/12/2024,28/03/2025
54,2S BCT,Thamires Magalhães De Souza Lima ,594.025,141.767.977-89,677.925-5,02/03/1996,30/06/2016,01/08/2025,13/01/2025
55,2S BCT,Alessandra Suzane Moreira Dos Santos,550.404,110.748.984-94,677.874-7,08/10/1993,30/06/2016,01/08/2025,20/03/2023
56,2S SAD,João Paulo Da Silva Souza,528.089,218.557.218-05,346.725-2,16/02/1981,31/07/2000,01/04/2022,09/06/2006
57,2S BCT,Líllian Coutinho Colchete Velasque,555.648,13642586767,632.443-6,05/11/1989,24/06/2019,24/06/2019,10/03/2025
58,3S BCT,Sarah Pereira Guimarães Rocha,601.752,144.979.387-86,690.070-4,29/01/1996,10/01/2018,29/11/2019,10/01/2022
59,3S BCT,Lucas Roberto De Jesus Silva,601.711,162.180.057-12,690.345-2,24/02/1997,15/01/2018,29/11/2019,15/01/2026
60,3S SAI,Inês Sampaio Gonçalves,601.718,095.222.424-03,690.015-1,23/05/1996,10/01/2018,28/11/2019,01/10/2025
61,3S SEL,Ana Flávia Da Silva Carvalho,601.786,113.016.416-00,699.895-0,18/08/1995,16/01/2019,29/11/2019,28/01/2022
62,3S BMT,Natália Vasconcelos Dos Santos Ferreira,721.457,055.614.681-62,748.942-0,05/08/2002,29/06/2022,21/06/2024,03/02/2026
63,CB BLM,Paulo Eduardo Corrêa,32.000.119.034-6,459.698.368-26,726.492-5,18/07/2000,01/08/2019,07/02/2025,17/03/2021
64,CB SAD,Marcos Vinicius Lima,32.000.228.966-4,501.716.998-90,729.501-4,03/09/2001,01/03/2020,16/02/2024,14/11/2025
65,S1 SAD,Gabriel Alves Miranda,32.000.480.466-3 ,514.722.468-88,740.428-0,01/10/2002,01/08/2021,07/02/2025,03/08/2022
66,S1 BLM,Vitor Eloi De Borbonha Santos,32.000.480.560-9,403.661.748-60,740.286-4,12/02/2002,01/08/2021,07/02/2025,03/08/2022
67,S1 SGS,Luan Ribeiro Pereira,53.684.021-2,540.156.848-77,751.610-0,28/11/2003,01/08/2022,01/08/2022,17/12/2020
68,S2 SNE,Gustavo Henrique Cândido,56835692-5,490.820.028-92,770.267-1,05/02/2005,01/08/2024,29/11/2024,04/08/2025
69,S2 SNE,João Gabriel Thomaz Silva,55.701.740-3,539.428.298-60,770.318-0,10/10/2005,01/08/2024,29/11/2024,04/08/2025
70,S2 SNE,Victor Luiz Lopes Alves Da Silva,32.000.8596-21,506.628.698-50,770.279-5,14/01/2005,01/08/2024,29/11/2024,13/05/2026
71,S2 SNE,Leonardo Moreira Da Silva,394.22348-5,533.591.558-74,770.311-2,02/03/2005,01/08/2024,29/11/2024,04/08/2025
72,S2 SNE,Kayky Esdras Dos Santos Lino,54.149.997-7,504.190.898-29,770.276-0,28/06/2005,01/08/2025,29/11/2024,04/08/2025
73,S2 SNE,Enzo Gabriel Azuma Da Rosa,,544.524.188-73,775.072-2,16/01/2006,06/03/2025,27/06/2025,09/03/2026
74,S2 SNE,Matheus Vieira De Carvalho,32.000.112227-65,575.998.728-81,779.1232,08/08/2006,01/08/2025,28/11/2025,03/08/2026
75,SO R/1 BCO,Milton Gonçalves Soares,76.962.422,929.427.687-20,228.005-1,24/09/1966,,,06/07/2026
76,SO R/1 BCO,Claudionor De Souza Romacho,455.475,098.637.098-32,223.215-4,09/07/1969,01/02/1988,01/12/2016,05/07/2023
